0,all
1,grounds
2,doing
3,style
4,previously;
5,supposing
6,liberty
7,dogma
8,europe.
9,yet
10,pure
11,dangerous
12,facts.
13,to
14,first
15,acuteness
16,that
17,nor
18,magnificent
19,upper
20,its
21,corrupted
22,must
23,vedanta
24,speak
25,his
26,1885.
27,allowed
28,at
29,amounted
30,did
31,can
32,youths
33,all!
34,antiquity
35,would
36,malady
37,draw
38,inversion
39,oppression
40,women--that
41,a
42,hitherto
43,never
44,find
45,ungrateful
46,goals.
47,plato
48,stands
49,duty
50,wakefulness
51,and
52,owe
53,immemorial
54,asia
55,kind--for
56,gasp.
57,everlasting
58,confessed
59,europe
60,noble
61,pretensions
62,jesuits
63,wicked
64,europeans
65,we
66,dogmatic
67,thousands
68,part
69,nightmare
70,methods
71,about
72,people)
73,bow!
74,seems
75,error
76,fact
77,grammar
78,with
79,caricatures:
80,feels
81,let
82,imposing
83,popular
84,distress!
85,failed
86,freely
87,absolute
88,last
89,herself
90,distress
91,credit
92,earth
93,(such
94,assumed
95,philosophers
96,actual
97,clumsy
98,promise
99,might
100,understood
101,any
102,only
103,ground--nay
104,play
105,itself.
106,but
107,at....
108,aid
109,mischief):
110,solemn
111,still
112,awe-inspiring
113,instance
114,grand
115,means
116,as
117,super-terrestrial
118,democratic
119,is
120,hitherto:
121,twice
122,years
123,actually
124,fostered.
125,perhaps
126,spent
127,labour
128,basis
129,socrates
130,heirs
131,when
132,claims
133,sad
134,themselves
135,furthest
136,printing.)
137,or
138,this
139,now
140,science
141,it
142,egypt
143,engadine
144,ceased
145,certainly
146,patience
147,enjoy
148,hoped
149,spirit
150,tyronism;
151,form
152,soul
153,superstition
154,will
155,puerilism
156,product
157,attempts
158,spirits--we
159,sufficiently
160,healthier--sleep
161,invention
162,ego-superstition
163,soul-superstition
164,then?
165,(for
166,architecture.
167,again
168,platonism
169,strained
170,easily
171,heart
172,restricted
173,errors
174,square--they
175,tension
176,whose
177,sils
178,maria
179,gold
180,was
181,tensely
182,neither
183,unskilled
184,spoke
185,worst
186,has
187,surmounted
188,preface
189,bow:
190,conclusive
191,dogmatizing
192,more
193,great
194,than
195,june
196,importunity
197,perspective--the
198,have
199,so
200,sufficed
201,enormous
202,subject-
203,order
204,of
205,who
206,fallen
207,arrow
208,condition--of
209,on
210,present
211,winning
212,decided
213,kind
214,physician:
215,caricature
216,free
217,denial
218,bring
219,people--the
220,by
221,gunpowder--all
222,such
223,probably
224,unbend
225,bow
226,us
227,service
228,words
229,philosophy
230,unseemly
231,plato?
232,generalization
233,humanity
234,one
235,wander
236,there
237,even
238,woman?
239,most
240,hemlock?
241,may
242,although
243,not
244,rid
245,struggle
246,jesuitism
247,dogmatists
248,fundamental
249,press
250,airs
251,life
252,astrology
253,for
254,scoffers
255,attack
256,them!
257,aim
258,maintain
259,the
260,enlightenment--which
261,human--all-too-human
262,had
263,germans
264,how
265,lies
266,once
267,democrats
268,audacious
269,earlier
270,terrible
271,philosophical
272,upon
273,invented
274,mien--if
275,reared:
276,christianity
277,(the
278,strength
279,millenniums
280,are
281,dogmatist
282,an
283,after
284,really
285,knows?
286,against
287,in
288,second
289,won;
290,good
291,ecclesiastical
292,ask
293,things
294,discouraged
295,least
296,him?
297,anywhere
298,personal
299,what
300,their
301,plainer
302,been
303,which
304,hand
305,tiresome
306,deception
307,paid
308,suspecting
309,itself
310,error--namely
311,european
312,seriousness
313,them;
314,she
315,also
316,existed
317,corrupter
318,very
319,time
320,truth
321,seriously
322,state
323,they
324,matter
325,every
326,some
327,newspaper-reading
328,afterwards
329,times
330,breath
331,doctrine
332,hoping
333,ground
334,made
335,goal
336,understand
337,inscribe
338,indeed
339,addresses
340,woman--what
341,or--to
342,produced
343,finest
344,usually
345,be
346,edifices
347,plato's
348,far
349,whatever
350,deserved
